T001;B0006;;;;;;;;;;;;;;;;;;;;;;;
T001;B0115;;;;;;;;;;;;;;;;;;;;;;;
T001;B0049;;;;;;;;;;;;;;;;;;;;;;;
T002;B0006;;;;;;;;;;;;;;;;;;;;;;;
T002;B0115;;;;;;;;;;;;;;;;;;;;;;;
T002;B0049;;;;;;;;;;;;;;;;;;;;;;;
T003;B0006;;;;;;;;;;;;;;;;;;;;;;;
T003;B0115;;;;;;;;;;;;;;;;;;;;;;;
T003;B0049;;;;;;;;;;;;;;;;;;;;;;;
T004;B0114;;;;;;;;;;;;;;;;;;;;;;;
T004;B0019;;;;;;;;;;;;;;;;;;;;;;;
T004;B0023;;;;;;;;;;;;;;;;;;;;;;;
T004;B0059;;;;;;;;;;;;;;;;;;;;;;;
T005;B0010;;;;;;;;;;;;;;;;;;;;;;;
T005;B0092;;;;;;;;;;;;;;;;;;;;;;;
T005;B0094;;;;;;;;;;;;;;;;;;;;;;;
T005;B0096;;;;;;;;;;;;;;;;;;;;;;;
T005;B0031;;;;;;;;;;;;;;;;;;;;;;;
T005;B0117;;;;;;;;;;;;;;;;;;;;;;;
T005;B0024;;;;;;;;;;;;;;;;;;;;;;;
T005;B0032;;;;;;;;;;;;;;;;;;;;;;;
T005;B0051;;;;;;;;;;;;;;;;;;;;;;;
T005;B0020;;;;;;;;;;;;;;;;;;;;;;;
T005;B0054;;;;;;;;;;;;;;;;;;;;;;;
T005;B0029;;;;;;;;;;;;;;;;;;;;;;;
T006;B0010;;;;;;;;;;;;;;;;;;;;;;;
T006;B0092;;;;;;;;;;;;;;;;;;;;;;;
T006;B0094;;;;;;;;;;;;;;;;;;;;;;;
T006;B0096;;;;;;;;;;;;;;;;;;;;;;;
T006;B0031;;;;;;;;;;;;;;;;;;;;;;;
T006;B0117;;;;;;;;;;;;;;;;;;;;;;;
T006;B0024;;;;;;;;;;;;;;;;;;;;;;;
T006;B0032;;;;;;;;;;;;;;;;;;;;;;;
T006;B0051;;;;;;;;;;;;;;;;;;;;;;;
T006;B0020;;;;;;;;;;;;;;;;;;;;;;;
T006;B0054;;;;;;;;;;;;;;;;;;;;;;;
T006;B0029;;;;;;;;;;;;;;;;;;;;;;;
T007;B0010;;;;;;;;;;;;;;;;;;;;;;;
T007;B0092;;;;;;;;;;;;;;;;;;;;;;;
T007;B0094;;;;;;;;;;;;;;;;;;;;;;;
T007;B0096;;;;;;;;;;;;;;;;;;;;;;;
T007;B0031;;;;;;;;;;;;;;;;;;;;;;;
T007;B0117;;;;;;;;;;;;;;;;;;;;;;;
T007;B0024;;;;;;;;;;;;;;;;;;;;;;;
T007;B0032;;;;;;;;;;;;;;;;;;;;;;;
T007;B0051;;;;;;;;;;;;;;;;;;;;;;;
T007;B0020;;;;;;;;;;;;;;;;;;;;;;;
T007;B0054;;;;;;;;;;;;;;;;;;;;;;;
T007;B0029;;;;;;;;;;;;;;;;;;;;;;;
T008;B0012;;;;;;;;;;;;;;;;;;;;;;;
T008;B0103;;;;;;;;;;;;;;;;;;;;;;;
T009;B0060;;;;;;;;;;;;;;;;;;;;;;;
T009;B0049;;;;;;;;;;;;;;;;;;;;;;;
T010;B0087;;;;;;;;;;;;;;;;;;;;;;;
T010;B0049;;;;;;;;;;;;;;;;;;;;;;;
T010;B0067;;;;;;;;;;;;;;;;;;;;;;;
T010;B0059;;;;;;;;;;;;;;;;;;;;;;;
T011;B0087;;;;;;;;;;;;;;;;;;;;;;;
T011;B0049;;;;;;;;;;;;;;;;;;;;;;;
T011;B0067;;;;;;;;;;;;;;;;;;;;;;;
T011;B0059;;;;;;;;;;;;;;;;;;;;;;;
T012;B0015;;;;;;;;;;;;;;;;;;;;;;;
T012;B0017;;;;;;;;;;;;;;;;;;;;;;;
T012;B0095;;;;;;;;;;;;;;;;;;;;;;;
T012;B0086;;;;;;;;;;;;;;;;;;;;;;;
T012;B0049;;;;;;;;;;;;;;;;;;;;;;;
T012;B0067;;;;;;;;;;;;;;;;;;;;;;;
T012;B0059;;;;;;;;;;;;;;;;;;;;;;;
T013;B0015;;;;;;;;;;;;;;;;;;;;;;;
T013;B0118;;;;;;;;;;;;;;;;;;;;;;;
T013;B0049;;;;;;;;;;;;;;;;;;;;;;;
T013;B0067;;;;;;;;;;;;;;;;;;;;;;;
T013;B0059;;;;;;;;;;;;;;;;;;;;;;;
T014;B0015;;;;;;;;;;;;;;;;;;;;;;;
T014;B0049;;;;;;;;;;;;;;;;;;;;;;;
T014;B0067;;;;;;;;;;;;;;;;;;;;;;;
T014;B0059;;;;;;;;;;;;;;;;;;;;;;;
T015;B0015;;;;;;;;;;;;;;;;;;;;;;;
T015;B0049;;;;;;;;;;;;;;;;;;;;;;;
T015;B0067;;;;;;;;;;;;;;;;;;;;;;;
T015;B0059;;;;;;;;;;;;;;;;;;;;;;;
T016;B0001;;;;;;;;;;;;;;;;;;;;;;;
T016;B0097;;;;;;;;;;;;;;;;;;;;;;;
T016;B0030;;;;;;;;;;;;;;;;;;;;;;;
T017;B0001;;;;;;;;;;;;;;;;;;;;;;;
T017;B0097;;;;;;;;;;;;;;;;;;;;;;;
T017;B0030;;;;;;;;;;;;;;;;;;;;;;;
T018;B0001;;;;;;;;;;;;;;;;;;;;;;;
T018;B0097;;;;;;;;;;;;;;;;;;;;;;;
T018;B0030;;;;;;;;;;;;;;;;;;;;;;;
T019;B0018;;;;;;;;;;;;;;;;;;;;;;;
T019;B0003;;;;;;;;;;;;;;;;;;;;;;;
T019;B0116;;;;;;;;;;;;;;;;;;;;;;;
T019;B0099;;;;;;;;;;;;;;;;;;;;;;;
T019;B0084;;;;;;;;;;;;;;;;;;;;;;;
T019;B0005;;;;;;;;;;;;;;;;;;;;;;;
T019;B0090;;;;;;;;;;;;;;;;;;;;;;;
T019;B0119;;;;;;;;;;;;;;;;;;;;;;;
T019;B0081;;;;;;;;;;;;;;;;;;;;;;;
T019;B0002;;;;;;;;;;;;;;;;;;;;;;;
T019;B0004;;;;;;;;;;;;;;;;;;;;;;;
T019;B0017;;;;;;;;;;;;;;;;;;;;;;;
T019;B0095;;;;;;;;;;;;;;;;;;;;;;;
T019;B0085;;;;;;;;;;;;;;;;;;;;;;;
T019;B0086;;;;;;;;;;;;;;;;;;;;;;;
T019;B0115;;;;;;;;;;;;;;;;;;;;;;;
T019;B0049;;;;;;;;;;;;;;;;;;;;;;;
T019;B0082;;;;;;;;;;;;;;;;;;;;;;;
T020;B0018;;;;;;;;;;;;;;;;;;;;;;;
T020;B0003;;;;;;;;;;;;;;;;;;;;;;;
T020;B0116;;;;;;;;;;;;;;;;;;;;;;;
T020;B0099;;;;;;;;;;;;;;;;;;;;;;;
T020;B0084;;;;;;;;;;;;;;;;;;;;;;;
T020;B0005;;;;;;;;;;;;;;;;;;;;;;;
T020;B0090;;;;;;;;;;;;;;;;;;;;;;;
T020;B0119;;;;;;;;;;;;;;;;;;;;;;;
T020;B0081;;;;;;;;;;;;;;;;;;;;;;;
T020;B0002;;;;;;;;;;;;;;;;;;;;;;;
T020;B0004;;;;;;;;;;;;;;;;;;;;;;;
T020;B0017;;;;;;;;;;;;;;;;;;;;;;;
T020;B0095;;;;;;;;;;;;;;;;;;;;;;;
T020;B0085;;;;;;;;;;;;;;;;;;;;;;;
T020;B0086;;;;;;;;;;;;;;;;;;;;;;;
T020;B0115;;;;;;;;;;;;;;;;;;;;;;;
T020;B0049;;;;;;;;;;;;;;;;;;;;;;;
T020;B0082;;;;;;;;;;;;;;;;;;;;;;;
T021;B0016;;;;;;;;;;;;;;;;;;;;;;;
T021;B0097;;;;;;;;;;;;;;;;;;;;;;;
T021;B0049;;;;;;;;;;;;;;;;;;;;;;;
T022;B0016;;;;;;;;;;;;;;;;;;;;;;;
T022;B0097;;;;;;;;;;;;;;;;;;;;;;;
T022;B0049;;;;;;;;;;;;;;;;;;;;;;;
T023;B0089;;;;;;;;;;;;;;;;;;;;;;;
T023;B0037;;;;;;;;;;;;;;;;;;;;;;;
T023;B0036;;;;;;;;;;;;;;;;;;;;;;;
T023;B0009;;;;;;;;;;;;;;;;;;;;;;;
T023;B0007;;;;;;;;;;;;;;;;;;;;;;;
T023;B0023;;;;;;;;;;;;;;;;;;;;;;;
T024;B0089;;;;;;;;;;;;;;;;;;;;;;;
T024;B0037;;;;;;;;;;;;;;;;;;;;;;;
T024;B0036;;;;;;;;;;;;;;;;;;;;;;;
T024;B0009;;;;;;;;;;;;;;;;;;;;;;;
T024;B0007;;;;;;;;;;;;;;;;;;;;;;;
T024;B0023;;;;;;;;;;;;;;;;;;;;;;;
T025;B0089;;;;;;;;;;;;;;;;;;;;;;;
T025;B0009;;;;;;;;;;;;;;;;;;;;;;;
T025;B0098;;;;;;;;;;;;;;;;;;;;;;;
T025;B0036;;;;;;;;;;;;;;;;;;;;;;;
T025;B0007;;;;;;;;;;;;;;;;;;;;;;;
T026;B0089;;;;;;;;;;;;;;;;;;;;;;;
T026;B0036;;;;;;;;;;;;;;;;;;;;;;;
T026;B0037;;;;;;;;;;;;;;;;;;;;;;;
T026;B0009;;;;;;;;;;;;;;;;;;;;;;;
T026;B0050;;;;;;;;;;;;;;;;;;;;;;;
T026;B0059;;;;;;;;;;;;;;;;;;;;;;;
T027;B0089;;;;;;;;;;;;;;;;;;;;;;;
T027;B0036;;;;;;;;;;;;;;;;;;;;;;;
T027;B0037;;;;;;;;;;;;;;;;;;;;;;;
T027;B0009;;;;;;;;;;;;;;;;;;;;;;;
T027;B0050;;;;;;;;;;;;;;;;;;;;;;;
T027;B0059;;;;;;;;;;;;;;;;;;;;;;;
T028;B0024;;;;;;;;;;;;;;;;;;;;;;;
T028;B0032;;;;;;;;;;;;;;;;;;;;;;;
T028;B0120;;;;;;;;;;;;;;;;;;;;;;;
T028;B0044;;;;;;;;;;;;;;;;;;;;;;;
T029;B0024;;;;;;;;;;;;;;;;;;;;;;;
T029;B0121;;;;;;;;;;;;;;;;;;;;;;;
T030;B0025;;;;;;;;;;;;;;;;;;;;;;;
T030;B0023;;;;;;;;;;;;;;;;;;;;;;;
T030;B0122;;;;;;;;;;;;;;;;;;;;;;;
T030;B0050;;;;;;;;;;;;;;;;;;;;;;;
T030;B0007;;;;;;;;;;;;;;;;;;;;;;;
T030;B0009;;;;;;;;;;;;;;;;;;;;;;;
T030;B0036;;;;;;;;;;;;;;;;;;;;;;;
T031;B0025;;;;;;;;;;;;;;;;;;;;;;;
T031;B0023;;;;;;;;;;;;;;;;;;;;;;;
T031;B0122;;;;;;;;;;;;;;;;;;;;;;;
T031;B0050;;;;;;;;;;;;;;;;;;;;;;;
T031;B0007;;;;;;;;;;;;;;;;;;;;;;;
T031;B0009;;;;;;;;;;;;;;;;;;;;;;;
T031;B0036;;;;;;;;;;;;;;;;;;;;;;;
T032;B0025;;;;;;;;;;;;;;;;;;;;;;;
T032;B0123;;;;;;;;;;;;;;;;;;;;;;;
T032;B0052;;;;;;;;;;;;;;;;;;;;;;;
T033;B0025;;;;;;;;;;;;;;;;;;;;;;;
T033;B0077;;;;;;;;;;;;;;;;;;;;;;;
T033;B0107;;;;;;;;;;;;;;;;;;;;;;;
T033;B0096;;;;;;;;;;;;;;;;;;;;;;;
T033;B0059;;;;;;;;;;;;;;;;;;;;;;;
T033;B0010;;;;;;;;;;;;;;;;;;;;;;;
T033;B0031;;;;;;;;;;;;;;;;;;;;;;;
T033;B0117;;;;;;;;;;;;;;;;;;;;;;;
T034;B0025;;;;;;;;;;;;;;;;;;;;;;;
T035;B0025;;;;;;;;;;;;;;;;;;;;;;;
T035;B0023;;;;;;;;;;;;;;;;;;;;;;;
T035;B0009;;;;;;;;;;;;;;;;;;;;;;;
T035;B0050;;;;;;;;;;;;;;;;;;;;;;;
T035;B0036;;;;;;;;;;;;;;;;;;;;;;;
T035;B0068;;;;;;;;;;;;;;;;;;;;;;;
T035;B0037;;;;;;;;;;;;;;;;;;;;;;;
T035;B0124;;;;;;;;;;;;;;;;;;;;;;;
T035;B0125;;;;;;;;;;;;;;;;;;;;;;;
T036;B0025;;;;;;;;;;;;;;;;;;;;;;;
T036;B0052;;;;;;;;;;;;;;;;;;;;;;;
T037;B0025;;;;;;;;;;;;;;;;;;;;;;;
T037;B0126;;;;;;;;;;;;;;;;;;;;;;;
T038;B0025;;;;;;;;;;;;;;;;;;;;;;;
T038;B0126;;;;;;;;;;;;;;;;;;;;;;;
T039;B0025;;;;;;;;;;;;;;;;;;;;;;;
T039;B0077;;;;;;;;;;;;;;;;;;;;;;;
T039;B0013;;;;;;;;;;;;;;;;;;;;;;;
T039;B0052;;;;;;;;;;;;;;;;;;;;;;;
T039;B0059;;;;;;;;;;;;;;;;;;;;;;;
T039;B0061;;;;;;;;;;;;;;;;;;;;;;;
T039;B0068;;;;;;;;;;;;;;;;;;;;;;;
T039;B0125;;;;;;;;;;;;;;;;;;;;;;;
T040;B0127;;;;;;;;;;;;;;;;;;;;;;;
T040;B0101;;;;;;;;;;;;;;;;;;;;;;;
T040;B0100;;;;;;;;;;;;;;;;;;;;;;;
T040;B0059;;;;;;;;;;;;;;;;;;;;;;;
T041;B0128;;;;;;;;;;;;;;;;;;;;;;;
T041;B0129;;;;;;;;;;;;;;;;;;;;;;;
T041;B0068;;;;;;;;;;;;;;;;;;;;;;;
T041;B0052;;;;;;;;;;;;;;;;;;;;;;;
T041;B0025;;;;;;;;;;;;;;;;;;;;;;;
T041;B0023;;;;;;;;;;;;;;;;;;;;;;;
T041;B0050;;;;;;;;;;;;;;;;;;;;;;;
T041;B0007;;;;;;;;;;;;;;;;;;;;;;;
T041;B0009;;;;;;;;;;;;;;;;;;;;;;;
T042;B0128;;;;;;;;;;;;;;;;;;;;;;;
T042;B0022;;;;;;;;;;;;;;;;;;;;;;;
T042;B0123;;;;;;;;;;;;;;;;;;;;;;;
T042;B0045;;;;;;;;;;;;;;;;;;;;;;;
T043;B0128;;;;;;;;;;;;;;;;;;;;;;;
T043;B0129;;;;;;;;;;;;;;;;;;;;;;;
T043;B0022;;;;;;;;;;;;;;;;;;;;;;;
T043;B0123;;;;;;;;;;;;;;;;;;;;;;;
T043;B0045;;;;;;;;;;;;;;;;;;;;;;;
T043;B0040;;;;;;;;;;;;;;;;;;;;;;;
T043;B0039;;;;;;;;;;;;;;;;;;;;;;;
T043;B0057;;;;;;;;;;;;;;;;;;;;;;;
T043;B0059;;;;;;;;;;;;;;;;;;;;;;;
T044;B0027;;;;;;;;;;;;;;;;;;;;;;;
T044;B0077;;;;;;;;;;;;;;;;;;;;;;;
T044;B0031;;;;;;;;;;;;;;;;;;;;;;;
T044;B0059;;;;;;;;;;;;;;;;;;;;;;;
T044;B0067;;;;;;;;;;;;;;;;;;;;;;;
T044;B0107;;;;;;;;;;;;;;;;;;;;;;;
T044;B0094;;;;;;;;;;;;;;;;;;;;;;;
T044;B0105;;;;;;;;;;;;;;;;;;;;;;;
T044;B0096;;;;;;;;;;;;;;;;;;;;;;;
T044;B0117;;;;;;;;;;;;;;;;;;;;;;;
T044;B0010;;;;;;;;;;;;;;;;;;;;;;;
T045;B0027;;;;;;;;;;;;;;;;;;;;;;;
T045;B0120;;;;;;;;;;;;;;;;;;;;;;;
T045;B0006;;;;;;;;;;;;;;;;;;;;;;;
T045;B0130;;;;;;;;;;;;;;;;;;;;;;;
T045;B0032;;;;;;;;;;;;;;;;;;;;;;;
T045;B0020;;;;;;;;;;;;;;;;;;;;;;;
T045;B0131;;;;;;;;;;;;;;;;;;;;;;;
T045;B0048;;;;;;;;;;;;;;;;;;;;;;;
T046;B0027;;;;;;;;;;;;;;;;;;;;;;;
T046;B0092;;;;;;;;;;;;;;;;;;;;;;;
T046;B0094;;;;;;;;;;;;;;;;;;;;;;;
T046;B0105;;;;;;;;;;;;;;;;;;;;;;;
T046;B0096;;;;;;;;;;;;;;;;;;;;;;;
T046;B0031;;;;;;;;;;;;;;;;;;;;;;;
T046;B0117;;;;;;;;;;;;;;;;;;;;;;;
T046;B0024;;;;;;;;;;;;;;;;;;;;;;;
T046;B0032;;;;;;;;;;;;;;;;;;;;;;;
T046;B0051;;;;;;;;;;;;;;;;;;;;;;;
T046;B0020;;;;;;;;;;;;;;;;;;;;;;;
T046;B0131;;;;;;;;;;;;;;;;;;;;;;;
T046;B0029;;;;;;;;;;;;;;;;;;;;;;;
T047;B0027;;;;;;;;;;;;;;;;;;;;;;;
T048;B0027;;;;;;;;;;;;;;;;;;;;;;;
T049;B0027;;;;;;;;;;;;;;;;;;;;;;;
T049;B0051;;;;;;;;;;;;;;;;;;;;;;;
T049;B0132;;;;;;;;;;;;;;;;;;;;;;;
T049;B0133;;;;;;;;;;;;;;;;;;;;;;;
T049;B0134;;;;;;;;;;;;;;;;;;;;;;;
T049;B0062;;;;;;;;;;;;;;;;;;;;;;;
T049;B0135;;;;;;;;;;;;;;;;;;;;;;;
T049;B0136;;;;;;;;;;;;;;;;;;;;;;;
T049;B0006;;;;;;;;;;;;;;;;;;;;;;;
T049;B0130;;;;;;;;;;;;;;;;;;;;;;;
T049;B0020;;;;;;;;;;;;;;;;;;;;;;;
T050;B0027;;;;;;;;;;;;;;;;;;;;;;;
T050;B0105;;;;;;;;;;;;;;;;;;;;;;;
T050;B0096;;;;;;;;;;;;;;;;;;;;;;;
T050;B0094;;;;;;;;;;;;;;;;;;;;;;;
T050;B0117;;;;;;;;;;;;;;;;;;;;;;;
T050;B0031;;;;;;;;;;;;;;;;;;;;;;;
T050;B0010;;;;;;;;;;;;;;;;;;;;;;;
T050;B0107;;;;;;;;;;;;;;;;;;;;;;;
T051;B0027;;;;;;;;;;;;;;;;;;;;;;;
T051;B0105;;;;;;;;;;;;;;;;;;;;;;;
T051;B0096;;;;;;;;;;;;;;;;;;;;;;;
T051;B0094;;;;;;;;;;;;;;;;;;;;;;;
T051;B0117;;;;;;;;;;;;;;;;;;;;;;;
T051;B0031;;;;;;;;;;;;;;;;;;;;;;;
T051;B0010;;;;;;;;;;;;;;;;;;;;;;;
T051;B0107;;;;;;;;;;;;;;;;;;;;;;;
T052;B0027;;;;;;;;;;;;;;;;;;;;;;;
T052;B0105;;;;;;;;;;;;;;;;;;;;;;;
T052;B0096;;;;;;;;;;;;;;;;;;;;;;;
T052;B0094;;;;;;;;;;;;;;;;;;;;;;;
T052;B0117;;;;;;;;;;;;;;;;;;;;;;;
T052;B0031;;;;;;;;;;;;;;;;;;;;;;;
T052;B0010;;;;;;;;;;;;;;;;;;;;;;;
T052;B0107;;;;;;;;;;;;;;;;;;;;;;;
T053;B0027;;;;;;;;;;;;;;;;;;;;;;;
T053;B0105;;;;;;;;;;;;;;;;;;;;;;;
T053;B0096;;;;;;;;;;;;;;;;;;;;;;;
T053;B0094;;;;;;;;;;;;;;;;;;;;;;;
T053;B0117;;;;;;;;;;;;;;;;;;;;;;;
T053;B0031;;;;;;;;;;;;;;;;;;;;;;;
T053;B0010;;;;;;;;;;;;;;;;;;;;;;;
T053;B0107;;;;;;;;;;;;;;;;;;;;;;;
T054;B0027;;;;;;;;;;;;;;;;;;;;;;;
T054;B0105;;;;;;;;;;;;;;;;;;;;;;;
T054;B0096;;;;;;;;;;;;;;;;;;;;;;;
T054;B0094;;;;;;;;;;;;;;;;;;;;;;;
T054;B0117;;;;;;;;;;;;;;;;;;;;;;;
T054;B0031;;;;;;;;;;;;;;;;;;;;;;;
T054;B0010;;;;;;;;;;;;;;;;;;;;;;;
T054;B0107;;;;;;;;;;;;;;;;;;;;;;;
T055;B0027;;;;;;;;;;;;;;;;;;;;;;;
T056;B0029;;;;;;;;;;;;;;;;;;;;;;;
T056;B0112;;;;;;;;;;;;;;;;;;;;;;;
T056;B0109;;;;;;;;;;;;;;;;;;;;;;;
T056;B0064;;;;;;;;;;;;;;;;;;;;;;;
T056;B0092;;;;;;;;;;;;;;;;;;;;;;;
T056;B0105;;;;;;;;;;;;;;;;;;;;;;;
T056;B0096;;;;;;;;;;;;;;;;;;;;;;;
T056;B0033;;;;;;;;;;;;;;;;;;;;;;;
T056;B0132;;;;;;;;;;;;;;;;;;;;;;;
T056;B0048;;;;;;;;;;;;;;;;;;;;;;;
T056;B0131;;;;;;;;;;;;;;;;;;;;;;;
T056;B0020;;;;;;;;;;;;;;;;;;;;;;;
T056;B0024;;;;;;;;;;;;;;;;;;;;;;;
T057;B0029;;;;;;;;;;;;;;;;;;;;;;;
T057;B0049;;;;;;;;;;;;;;;;;;;;;;;
T058;B0029;;;;;;;;;;;;;;;;;;;;;;;
T058;B0120;;;;;;;;;;;;;;;;;;;;;;;
T059;B0029;;;;;;;;;;;;;;;;;;;;;;;
T059;B0120;;;;;;;;;;;;;;;;;;;;;;;
T059;B0006;;;;;;;;;;;;;;;;;;;;;;;
T059;B0130;;;;;;;;;;;;;;;;;;;;;;;
T059;B0048;;;;;;;;;;;;;;;;;;;;;;;
T059;B0131;;;;;;;;;;;;;;;;;;;;;;;
T059;B0020;;;;;;;;;;;;;;;;;;;;;;;
T059;B0032;;;;;;;;;;;;;;;;;;;;;;;
T060;B0029;;;;;;;;;;;;;;;;;;;;;;;
T060;B0048;;;;;;;;;;;;;;;;;;;;;;;
T060;B0137;;;;;;;;;;;;;;;;;;;;;;;
T060;B0138;;;;;;;;;;;;;;;;;;;;;;;
T060;B0139;;;;;;;;;;;;;;;;;;;;;;;
T060;B0140;;;;;;;;;;;;;;;;;;;;;;;
T061;B0029;;;;;;;;;;;;;;;;;;;;;;;
T061;B0021;;;;;;;;;;;;;;;;;;;;;;;
T061;B0141;;;;;;;;;;;;;;;;;;;;;;;
T062;B0029;;;;;;;;;;;;;;;;;;;;;;;
T063;B0029;;;;;;;;;;;;;;;;;;;;;;;
T063;B0020;;;;;;;;;;;;;;;;;;;;;;;
T063;B0054;;;;;;;;;;;;;;;;;;;;;;;
T063;B0120;;;;;;;;;;;;;;;;;;;;;;;
T064;B0029;;;;;;;;;;;;;;;;;;;;;;;
T065;B0029;;;;;;;;;;;;;;;;;;;;;;;
T065;B0048;;;;;;;;;;;;;;;;;;;;;;;
T065;B0064;;;;;;;;;;;;;;;;;;;;;;;
T065;B0054;;;;;;;;;;;;;;;;;;;;;;;
T065;B0062;;;;;;;;;;;;;;;;;;;;;;;
T065;B0020;;;;;;;;;;;;;;;;;;;;;;;
T065;B0142;;;;;;;;;;;;;;;;;;;;;;;
T065;B0033;;;;;;;;;;;;;;;;;;;;;;;
T065;B0051;;;;;;;;;;;;;;;;;;;;;;;
T065;B0032;;;;;;;;;;;;;;;;;;;;;;;
T065;B0024;;;;;;;;;;;;;;;;;;;;;;;
T065;B0121;;;;;;;;;;;;;;;;;;;;;;;
T066;B0029;;;;;;;;;;;;;;;;;;;;;;;
T066;B0020;;;;;;;;;;;;;;;;;;;;;;;
T066;B0054;;;;;;;;;;;;;;;;;;;;;;;
T066;B0032;;;;;;;;;;;;;;;;;;;;;;;
T066;B0024;;;;;;;;;;;;;;;;;;;;;;;
T066;B0048;;;;;;;;;;;;;;;;;;;;;;;
T066;B0142;;;;;;;;;;;;;;;;;;;;;;;
T066;B0062;;;;;;;;;;;;;;;;;;;;;;;
T066;B0121;;;;;;;;;;;;;;;;;;;;;;;
T066;B0143;;;;;;;;;;;;;;;;;;;;;;;
T066;B0049;;;;;;;;;;;;;;;;;;;;;;;
T067;B0144;;;;;;;;;;;;;;;;;;;;;;;
T067;B0064;;;;;;;;;;;;;;;;;;;;;;;
T067;B0049;;;;;;;;;;;;;;;;;;;;;;;
T068;B0145;;;;;;;;;;;;;;;;;;;;;;;
T069;B0030;;;;;;;;;;;;;;;;;;;;;;;
T069;B0048;;;;;;;;;;;;;;;;;;;;;;;
T069;B0137;;;;;;;;;;;;;;;;;;;;;;;
T069;B0138;;;;;;;;;;;;;;;;;;;;;;;
T069;B0139;;;;;;;;;;;;;;;;;;;;;;;
T069;B0140;;;;;;;;;;;;;;;;;;;;;;;
T070;B0027;;;;;;;;;;;;;;;;;;;;;;;
T070;B0117;;;;;;;;;;;;;;;;;;;;;;;
T070;B0010;;;;;;;;;;;;;;;;;;;;;;;
T070;B0031;;;;;;;;;;;;;;;;;;;;;;;
T070;B0107;;;;;;;;;;;;;;;;;;;;;;;
T070;B0094;;;;;;;;;;;;;;;;;;;;;;;
T070;B0105;;;;;;;;;;;;;;;;;;;;;;;
T070;B0096;;;;;;;;;;;;;;;;;;;;;;;
T071;B0146;;;;;;;;;;;;;;;;;;;;;;;
T071;B0049;;;;;;;;;;;;;;;;;;;;;;;
T072;B0147;;;;;;;;;;;;;;;;;;;;;;;
T072;B0141;;;;;;;;;;;;;;;;;;;;;;;
T072;B0021;;;;;;;;;;;;;;;;;;;;;;;
T073;B0147;;;;;;;;;;;;;;;;;;;;;;;
T073;B0141;;;;;;;;;;;;;;;;;;;;;;;
T073;B0021;;;;;;;;;;;;;;;;;;;;;;;
T074;B0147;;;;;;;;;;;;;;;;;;;;;;;
T074;B0141;;;;;;;;;;;;;;;;;;;;;;;
T075;B0147;;;;;;;;;;;;;;;;;;;;;;;
T076;B0035;;;;;;;;;;;;;;;;;;;;;;;
T076;B0056;;;;;;;;;;;;;;;;;;;;;;;
T076;B0118;;;;;;;;;;;;;;;;;;;;;;;
T076;B0097;;;;;;;;;;;;;;;;;;;;;;;
T076;B0049;;;;;;;;;;;;;;;;;;;;;;;
T077;B0035;;;;;;;;;;;;;;;;;;;;;;;
T078;B0035;;;;;;;;;;;;;;;;;;;;;;;
T078;B0056;;;;;;;;;;;;;;;;;;;;;;;
T078;B0065;;;;;;;;;;;;;;;;;;;;;;;
T078;B0059;;;;;;;;;;;;;;;;;;;;;;;
T079;B0036;;;;;;;;;;;;;;;;;;;;;;;
T079;B0037;;;;;;;;;;;;;;;;;;;;;;;
T079;B0009;;;;;;;;;;;;;;;;;;;;;;;
T079;B0050;;;;;;;;;;;;;;;;;;;;;;;
T079;B0023;;;;;;;;;;;;;;;;;;;;;;;
T080;B0038;;;;;;;;;;;;;;;;;;;;;;;
T081;B0038;;;;;;;;;;;;;;;;;;;;;;;
T081;B0101;;;;;;;;;;;;;;;;;;;;;;;
T081;B0100;;;;;;;;;;;;;;;;;;;;;;;
T081;B0059;;;;;;;;;;;;;;;;;;;;;;;
T082;B0021;;;;;;;;;;;;;;;;;;;;;;;
T082;B0120;;;;;;;;;;;;;;;;;;;;;;;
T082;B0054;;;;;;;;;;;;;;;;;;;;;;;
T082;B0020;;;;;;;;;;;;;;;;;;;;;;;
T082;B0032;;;;;;;;;;;;;;;;;;;;;;;
T083;B0021;;;;;;;;;;;;;;;;;;;;;;;
T083;B0120;;;;;;;;;;;;;;;;;;;;;;;
T083;B0029;;;;;;;;;;;;;;;;;;;;;;;
T083;B0054;;;;;;;;;;;;;;;;;;;;;;;
T083;B0020;;;;;;;;;;;;;;;;;;;;;;;
T083;B0032;;;;;;;;;;;;;;;;;;;;;;;
T084;B0029;;;;;;;;;;;;;;;;;;;;;;;
T084;B0021;;;;;;;;;;;;;;;;;;;;;;;
T084;B0141;;;;;;;;;;;;;;;;;;;;;;;
T085;B0021;;;;;;;;;;;;;;;;;;;;;;;
T085;B0048;;;;;;;;;;;;;;;;;;;;;;;
T085;B0064;;;;;;;;;;;;;;;;;;;;;;;
T085;B0054;;;;;;;;;;;;;;;;;;;;;;;
T085;B0062;;;;;;;;;;;;;;;;;;;;;;;
T085;B0020;;;;;;;;;;;;;;;;;;;;;;;
T085;B0051;;;;;;;;;;;;;;;;;;;;;;;
T085;B0032;;;;;;;;;;;;;;;;;;;;;;;
T086;B0021;;;;;;;;;;;;;;;;;;;;;;;
T086;B0049;;;;;;;;;;;;;;;;;;;;;;;
T087;B0098;;;;;;;;;;;;;;;;;;;;;;;
T087;B0045;;;;;;;;;;;;;;;;;;;;;;;
T087;B0125;;;;;;;;;;;;;;;;;;;;;;;
T087;B0040;;;;;;;;;;;;;;;;;;;;;;;
T087;B0039;;;;;;;;;;;;;;;;;;;;;;;
T087;B0057;;;;;;;;;;;;;;;;;;;;;;;
T087;B0059;;;;;;;;;;;;;;;;;;;;;;;
T088;B0043;;;;;;;;;;;;;;;;;;;;;;;
T088;B0148;;;;;;;;;;;;;;;;;;;;;;;
T088;B0049;;;;;;;;;;;;;;;;;;;;;;;
T089;B0043;;;;;;;;;;;;;;;;;;;;;;;
T089;B0148;;;;;;;;;;;;;;;;;;;;;;;
T089;B0049;;;;;;;;;;;;;;;;;;;;;;;
T090;B0046;;;;;;;;;;;;;;;;;;;;;;;
T090;B0089;;;;;;;;;;;;;;;;;;;;;;;
T090;B0009;;;;;;;;;;;;;;;;;;;;;;;
T090;B0050;;;;;;;;;;;;;;;;;;;;;;;
T090;B0036;;;;;;;;;;;;;;;;;;;;;;;
T090;B0149;;;;;;;;;;;;;;;;;;;;;;;
T090;B0150;;;;;;;;;;;;;;;;;;;;;;;
T090;B0037;;;;;;;;;;;;;;;;;;;;;;;
T090;B0124;;;;;;;;;;;;;;;;;;;;;;;
T091;B0046;;;;;;;;;;;;;;;;;;;;;;;
T091;B0149;;;;;;;;;;;;;;;;;;;;;;;
T091;B0150;;;;;;;;;;;;;;;;;;;;;;;
T091;B0036;;;;;;;;;;;;;;;;;;;;;;;
T091;B0037;;;;;;;;;;;;;;;;;;;;;;;
T091;B0009;;;;;;;;;;;;;;;;;;;;;;;
T091;B0050;;;;;;;;;;;;;;;;;;;;;;;
T091;B0059;;;;;;;;;;;;;;;;;;;;;;;
T092;B0047;;;;;;;;;;;;;;;;;;;;;;;
T093;B0151;;;;;;;;;;;;;;;;;;;;;;;
T093;B0067;;;;;;;;;;;;;;;;;;;;;;;
T093;B0050;;;;;;;;;;;;;;;;;;;;;;;
T093;B0023;;;;;;;;;;;;;;;;;;;;;;;
T093;B0059;;;;;;;;;;;;;;;;;;;;;;;
T094;B0152;;;;;;;;;;;;;;;;;;;;;;;
T095;B0153;;;;;;;;;;;;;;;;;;;;;;;
T095;B0032;;;;;;;;;;;;;;;;;;;;;;;
T096;B0154;;;;;;;;;;;;;;;;;;;;;;;
T096;B0155;;;;;;;;;;;;;;;;;;;;;;;
T096;B0051;;;;;;;;;;;;;;;;;;;;;;;
T096;B0120;;;;;;;;;;;;;;;;;;;;;;;
T097;B0153;;;;;;;;;;;;;;;;;;;;;;;
T097;B0154;;;;;;;;;;;;;;;;;;;;;;;
T098;B0153;;;;;;;;;;;;;;;;;;;;;;;
T098;B0032;;;;;;;;;;;;;;;;;;;;;;;
T098;B0044;;;;;;;;;;;;;;;;;;;;;;;
T098;B0024;;;;;;;;;;;;;;;;;;;;;;;
T098;B0121;;;;;;;;;;;;;;;;;;;;;;;
T098;B0049;;;;;;;;;;;;;;;;;;;;;;;
T099;B0153;;;;;;;;;;;;;;;;;;;;;;;
T099;B0032;;;;;;;;;;;;;;;;;;;;;;;
T099;B0044;;;;;;;;;;;;;;;;;;;;;;;
T099;B0024;;;;;;;;;;;;;;;;;;;;;;;
T099;B0121;;;;;;;;;;;;;;;;;;;;;;;
T099;B0049;;;;;;;;;;;;;;;;;;;;;;;
T100;B0153;;;;;;;;;;;;;;;;;;;;;;;
T100;B0032;;;;;;;;;;;;;;;;;;;;;;;
T100;B0044;;;;;;;;;;;;;;;;;;;;;;;
T100;B0024;;;;;;;;;;;;;;;;;;;;;;;
T100;B0121;;;;;;;;;;;;;;;;;;;;;;;
T100;B0049;;;;;;;;;;;;;;;;;;;;;;;
T101;B0156;;;;;;;;;;;;;;;;;;;;;;;
T101;B0115;;;;;;;;;;;;;;;;;;;;;;;
T101;B0082;;;;;;;;;;;;;;;;;;;;;;;
T101;B0032;;;;;;;;;;;;;;;;;;;;;;;
T101;B0024;;;;;;;;;;;;;;;;;;;;;;;
T101;B0121;;;;;;;;;;;;;;;;;;;;;;;
T101;B0044;;;;;;;;;;;;;;;;;;;;;;;
T101;B0049;;;;;;;;;;;;;;;;;;;;;;;
T102;B0156;;;;;;;;;;;;;;;;;;;;;;;
T102;B0115;;;;;;;;;;;;;;;;;;;;;;;
T102;B0082;;;;;;;;;;;;;;;;;;;;;;;
T102;B0032;;;;;;;;;;;;;;;;;;;;;;;
T102;B0024;;;;;;;;;;;;;;;;;;;;;;;
T102;B0121;;;;;;;;;;;;;;;;;;;;;;;
T102;B0044;;;;;;;;;;;;;;;;;;;;;;;
T102;B0049;;;;;;;;;;;;;;;;;;;;;;;
T103;B0156;;;;;;;;;;;;;;;;;;;;;;;
T103;B0115;;;;;;;;;;;;;;;;;;;;;;;
T103;B0082;;;;;;;;;;;;;;;;;;;;;;;
T103;B0032;;;;;;;;;;;;;;;;;;;;;;;
T103;B0024;;;;;;;;;;;;;;;;;;;;;;;
T103;B0121;;;;;;;;;;;;;;;;;;;;;;;
T103;B0044;;;;;;;;;;;;;;;;;;;;;;;
T103;B0049;;;;;;;;;;;;;;;;;;;;;;;
T104;B0121;;;;;;;;;;;;;;;;;;;;;;;
T105;B0157;;;;;;;;;;;;;;;;;;;;;;;
T106;B0158;;;;;;;;;;;;;;;;;;;;;;;
T106;B0082;;;;;;;;;;;;;;;;;;;;;;;
T106;B0049;;;;;;;;;;;;;;;;;;;;;;;
T107;B0159;;;;;;;;;;;;;;;;;;;;;;;
T108;B0043;;;;;;;;;;;;;;;;;;;;;;;
T108;B0148;;;;;;;;;;;;;;;;;;;;;;;
T108;B0049;;;;;;;;;;;;;;;;;;;;;;;
T109;B0043;;;;;;;;;;;;;;;;;;;;;;;
T109;B0148;;;;;;;;;;;;;;;;;;;;;;;
T109;B0049;;;;;;;;;;;;;;;;;;;;;;;
T110;B0054;;;;;;;;;;;;;;;;;;;;;;;
T110;B0115;;;;;;;;;;;;;;;;;;;;;;;
T110;B0020;;;;;;;;;;;;;;;;;;;;;;;
T110;B0051;;;;;;;;;;;;;;;;;;;;;;;
T110;B0142;;;;;;;;;;;;;;;;;;;;;;;
T110;B0143;;;;;;;;;;;;;;;;;;;;;;;
T110;B0044;;;;;;;;;;;;;;;;;;;;;;;
T110;B0160;;;;;;;;;;;;;;;;;;;;;;;
T110;B0049;;;;;;;;;;;;;;;;;;;;;;;
T111;B0054;;;;;;;;;;;;;;;;;;;;;;;
T111;B0020;;;;;;;;;;;;;;;;;;;;;;;
T111;B0032;;;;;;;;;;;;;;;;;;;;;;;
T112;B0054;;;;;;;;;;;;;;;;;;;;;;;
T112;B0115;;;;;;;;;;;;;;;;;;;;;;;
T112;B0020;;;;;;;;;;;;;;;;;;;;;;;
T112;B0051;;;;;;;;;;;;;;;;;;;;;;;
T112;B0142;;;;;;;;;;;;;;;;;;;;;;;
T112;B0143;;;;;;;;;;;;;;;;;;;;;;;
T112;B0044;;;;;;;;;;;;;;;;;;;;;;;
T112;B0160;;;;;;;;;;;;;;;;;;;;;;;
T112;B0049;;;;;;;;;;;;;;;;;;;;;;;
T113;B0054;;;;;;;;;;;;;;;;;;;;;;;
T113;B0115;;;;;;;;;;;;;;;;;;;;;;;
T113;B0062;;;;;;;;;;;;;;;;;;;;;;;
T113;B0160;;;;;;;;;;;;;;;;;;;;;;;
T113;B0020;;;;;;;;;;;;;;;;;;;;;;;
T113;B0049;;;;;;;;;;;;;;;;;;;;;;;
T114;B0054;;;;;;;;;;;;;;;;;;;;;;;
T114;B0153;;;;;;;;;;;;;;;;;;;;;;;
T114;B0020;;;;;;;;;;;;;;;;;;;;;;;
T114;B0154;;;;;;;;;;;;;;;;;;;;;;;
T114;B0051;;;;;;;;;;;;;;;;;;;;;;;
T115;B0054;;;;;;;;;;;;;;;;;;;;;;;
T116;B0161;;;;;;;;;;;;;;;;;;;;;;;
T116;B0142;;;;;;;;;;;;;;;;;;;;;;;
T116;B0033;;;;;;;;;;;;;;;;;;;;;;;
T116;B0051;;;;;;;;;;;;;;;;;;;;;;;
T116;B0032;;;;;;;;;;;;;;;;;;;;;;;
T116;B0024;;;;;;;;;;;;;;;;;;;;;;;
T116;B0121;;;;;;;;;;;;;;;;;;;;;;;
T117;B0161;;;;;;;;;;;;;;;;;;;;;;;
T117;B0142;;;;;;;;;;;;;;;;;;;;;;;
T117;B0033;;;;;;;;;;;;;;;;;;;;;;;
T117;B0051;;;;;;;;;;;;;;;;;;;;;;;
T117;B0032;;;;;;;;;;;;;;;;;;;;;;;
T117;B0024;;;;;;;;;;;;;;;;;;;;;;;
T117;B0121;;;;;;;;;;;;;;;;;;;;;;;
T118;B0056;;;;;;;;;;;;;;;;;;;;;;;
T118;B0059;;;;;;;;;;;;;;;;;;;;;;;
T119;B0056;;;;;;;;;;;;;;;;;;;;;;;
T119;B0049;;;;;;;;;;;;;;;;;;;;;;;
T119;B0097;;;;;;;;;;;;;;;;;;;;;;;
T120;B0056;;;;;;;;;;;;;;;;;;;;;;;
T121;B0055;;;;;;;;;;;;;;;;;;;;;;;
T122;B0058;;;;;;;;;;;;;;;;;;;;;;;
T122;B0169;;;;;;;;;;;;;;;;;;;;;;;
T122;B0059;;;;;;;;;;;;;;;;;;;;;;;
T123;B0151;;;;;;;;;;;;;;;;;;;;;;;
T123;B0067;;;;;;;;;;;;;;;;;;;;;;;
T123;B0050;;;;;;;;;;;;;;;;;;;;;;;
T123;B0023;;;;;;;;;;;;;;;;;;;;;;;
T123;B0059;;;;;;;;;;;;;;;;;;;;;;;
T124;B0162;;;;;;;;;;;;;;;;;;;;;;;
T125;B0163;;;;;;;;;;;;;;;;;;;;;;;
T125;B0090;;;;;;;;;;;;;;;;;;;;;;;
T126;B0163;;;;;;;;;;;;;;;;;;;;;;;
T126;B0090;;;;;;;;;;;;;;;;;;;;;;;
T127;B0162;;;;;;;;;;;;;;;;;;;;;;;
T128;B0163;;;;;;;;;;;;;;;;;;;;;;;
T128;B0090;;;;;;;;;;;;;;;;;;;;;;;
T129;B0164;;;;;;;;;;;;;;;;;;;;;;;
T129;B0130;;;;;;;;;;;;;;;;;;;;;;;
T129;B0142;;;;;;;;;;;;;;;;;;;;;;;
T129;B0115;;;;;;;;;;;;;;;;;;;;;;;
T129;B0049;;;;;;;;;;;;;;;;;;;;;;;
T130;B0164;;;;;;;;;;;;;;;;;;;;;;;
T130;B0130;;;;;;;;;;;;;;;;;;;;;;;
T130;B0142;;;;;;;;;;;;;;;;;;;;;;;
T130;B0051;;;;;;;;;;;;;;;;;;;;;;;
T130;B0115;;;;;;;;;;;;;;;;;;;;;;;
T131;B0052;;;;;;;;;;;;;;;;;;;;;;;
T131;B0013;;;;;;;;;;;;;;;;;;;;;;;
T131;B0061;;;;;;;;;;;;;;;;;;;;;;;
T131;B0059;;;;;;;;;;;;;;;;;;;;;;;
T132;B0069;;;;;;;;;;;;;;;;;;;;;;;
T133;B0086;;;;;;;;;;;;;;;;;;;;;;;
T133;B0018;;;;;;;;;;;;;;;;;;;;;;;
T133;B0095;;;;;;;;;;;;;;;;;;;;;;;
T133;B0017;;;;;;;;;;;;;;;;;;;;;;;
T133;B0049;;;;;;;;;;;;;;;;;;;;;;;
T133;B0115;;;;;;;;;;;;;;;;;;;;;;;
T133;B0063;;;;;;;;;;;;;;;;;;;;;;;
T133;B0082;;;;;;;;;;;;;;;;;;;;;;;
T134;B0018;;;;;;;;;;;;;;;;;;;;;;;
T134;B0003;;;;;;;;;;;;;;;;;;;;;;;
T134;B0116;;;;;;;;;;;;;;;;;;;;;;;
T134;B0091;;;;;;;;;;;;;;;;;;;;;;;
T134;B0099;;;;;;;;;;;;;;;;;;;;;;;
T134;B0005;;;;;;;;;;;;;;;;;;;;;;;
T134;B0090;;;;;;;;;;;;;;;;;;;;;;;
T134;B0081;;;;;;;;;;;;;;;;;;;;;;;
T134;B0004;;;;;;;;;;;;;;;;;;;;;;;
T134;B0017;;;;;;;;;;;;;;;;;;;;;;;
T134;B0095;;;;;;;;;;;;;;;;;;;;;;;
T134;B0085;;;;;;;;;;;;;;;;;;;;;;;
T134;B0086;;;;;;;;;;;;;;;;;;;;;;;
T134;B0115;;;;;;;;;;;;;;;;;;;;;;;
T134;B0049;;;;;;;;;;;;;;;;;;;;;;;
T134;B0082;;;;;;;;;;;;;;;;;;;;;;;
T135;B0018;;;;;;;;;;;;;;;;;;;;;;;
T135;B0003;;;;;;;;;;;;;;;;;;;;;;;
T135;B0165;;;;;;;;;;;;;;;;;;;;;;;
T135;B0005;;;;;;;;;;;;;;;;;;;;;;;
T135;B0081;;;;;;;;;;;;;;;;;;;;;;;
T135;B0004;;;;;;;;;;;;;;;;;;;;;;;
T135;B0002;;;;;;;;;;;;;;;;;;;;;;;
T135;B0067;;;;;;;;;;;;;;;;;;;;;;;
T135;B0059;;;;;;;;;;;;;;;;;;;;;;;
T136;B0018;;;;;;;;;;;;;;;;;;;;;;;
T136;B0003;;;;;;;;;;;;;;;;;;;;;;;
T136;B0165;;;;;;;;;;;;;;;;;;;;;;;
T136;B0005;;;;;;;;;;;;;;;;;;;;;;;
T136;B0002;;;;;;;;;;;;;;;;;;;;;;;
T136;B0004;;;;;;;;;;;;;;;;;;;;;;;
T136;B0067;;;;;;;;;;;;;;;;;;;;;;;
T137;B0160;;;;;;;;;;;;;;;;;;;;;;;
T137;B0003;;;;;;;;;;;;;;;;;;;;;;;
T137;B0095;;;;;;;;;;;;;;;;;;;;;;;
T137;B0005;;;;;;;;;;;;;;;;;;;;;;;
T137;B0115;;;;;;;;;;;;;;;;;;;;;;;
T137;B0063;;;;;;;;;;;;;;;;;;;;;;;
T137;B0107;;;;;;;;;;;;;;;;;;;;;;;
T138;B0018;;;;;;;;;;;;;;;;;;;;;;;
T138;B0003;;;;;;;;;;;;;;;;;;;;;;;
T138;B0005;;;;;;;;;;;;;;;;;;;;;;;
T138;B0002;;;;;;;;;;;;;;;;;;;;;;;
T138;B0004;;;;;;;;;;;;;;;;;;;;;;;
T138;B0095;;;;;;;;;;;;;;;;;;;;;;;
T138;B0165;;;;;;;;;;;;;;;;;;;;;;;
T138;B0049;;;;;;;;;;;;;;;;;;;;;;;
T138;B0107;;;;;;;;;;;;;;;;;;;;;;;
T139;B0018;;;;;;;;;;;;;;;;;;;;;;;
T139;B0003;;;;;;;;;;;;;;;;;;;;;;;
T139;B0116;;;;;;;;;;;;;;;;;;;;;;;
T139;B0099;;;;;;;;;;;;;;;;;;;;;;;
T139;B0084;;;;;;;;;;;;;;;;;;;;;;;
T139;B0005;;;;;;;;;;;;;;;;;;;;;;;
T139;B0090;;;;;;;;;;;;;;;;;;;;;;;
T139;B0091;;;;;;;;;;;;;;;;;;;;;;;
T139;B0081;;;;;;;;;;;;;;;;;;;;;;;
T139;B0002;;;;;;;;;;;;;;;;;;;;;;;
T139;B0004;;;;;;;;;;;;;;;;;;;;;;;
T139;B0017;;;;;;;;;;;;;;;;;;;;;;;
T139;B0095;;;;;;;;;;;;;;;;;;;;;;;
T139;B0085;;;;;;;;;;;;;;;;;;;;;;;
T139;B0165;;;;;;;;;;;;;;;;;;;;;;;
T139;B0115;;;;;;;;;;;;;;;;;;;;;;;
T139;B0049;;;;;;;;;;;;;;;;;;;;;;;
T139;B0082;;;;;;;;;;;;;;;;;;;;;;;
T140;B0018;;;;;;;;;;;;;;;;;;;;;;;
T140;B0003;;;;;;;;;;;;;;;;;;;;;;;
T140;B0116;;;;;;;;;;;;;;;;;;;;;;;
T140;B0099;;;;;;;;;;;;;;;;;;;;;;;
T140;B0084;;;;;;;;;;;;;;;;;;;;;;;
T140;B0005;;;;;;;;;;;;;;;;;;;;;;;
T140;B0090;;;;;;;;;;;;;;;;;;;;;;;
T140;B0091;;;;;;;;;;;;;;;;;;;;;;;
T140;B0081;;;;;;;;;;;;;;;;;;;;;;;
T140;B0002;;;;;;;;;;;;;;;;;;;;;;;
T140;B0004;;;;;;;;;;;;;;;;;;;;;;;
T140;B0017;;;;;;;;;;;;;;;;;;;;;;;
T140;B0095;;;;;;;;;;;;;;;;;;;;;;;
T140;B0085;;;;;;;;;;;;;;;;;;;;;;;
T140;B0086;;;;;;;;;;;;;;;;;;;;;;;
T140;B0115;;;;;;;;;;;;;;;;;;;;;;;
T140;B0049;;;;;;;;;;;;;;;;;;;;;;;
T140;B0082;;;;;;;;;;;;;;;;;;;;;;;
T141;B0071;;;;;;;;;;;;;;;;;;;;;;;
T142;B0165;;;;;;;;;;;;;;;;;;;;;;;
T142;B0049;;;;;;;;;;;;;;;;;;;;;;;
T142;B0115;;;;;;;;;;;;;;;;;;;;;;;
T142;B0063;;;;;;;;;;;;;;;;;;;;;;;
T142;B0082;;;;;;;;;;;;;;;;;;;;;;;
T143;B0018;;;;;;;;;;;;;;;;;;;;;;;
T143;B0003;;;;;;;;;;;;;;;;;;;;;;;
T143;B0116;;;;;;;;;;;;;;;;;;;;;;;
T143;B0091;;;;;;;;;;;;;;;;;;;;;;;
T143;B0099;;;;;;;;;;;;;;;;;;;;;;;
T143;B0084;;;;;;;;;;;;;;;;;;;;;;;
T143;B0005;;;;;;;;;;;;;;;;;;;;;;;
T143;B0090;;;;;;;;;;;;;;;;;;;;;;;
T143;B0081;;;;;;;;;;;;;;;;;;;;;;;
T143;B0004;;;;;;;;;;;;;;;;;;;;;;;
T143;B0017;;;;;;;;;;;;;;;;;;;;;;;
T143;B0095;;;;;;;;;;;;;;;;;;;;;;;
T143;B0085;;;;;;;;;;;;;;;;;;;;;;;
T143;B0165;;;;;;;;;;;;;;;;;;;;;;;
T143;B0115;;;;;;;;;;;;;;;;;;;;;;;
T143;B0049;;;;;;;;;;;;;;;;;;;;;;;
T143;B0063;;;;;;;;;;;;;;;;;;;;;;;
T144;B0018;;;;;;;;;;;;;;;;;;;;;;;
T144;B0003;;;;;;;;;;;;;;;;;;;;;;;
T144;B0005;;;;;;;;;;;;;;;;;;;;;;;
T144;B0002;;;;;;;;;;;;;;;;;;;;;;;
T144;B0004;;;;;;;;;;;;;;;;;;;;;;;
T144;B0095;;;;;;;;;;;;;;;;;;;;;;;
T144;B0165;;;;;;;;;;;;;;;;;;;;;;;
T144;B0049;;;;;;;;;;;;;;;;;;;;;;;
T145;B0018;;;;;;;;;;;;;;;;;;;;;;;
T145;B0003;;;;;;;;;;;;;;;;;;;;;;;
T145;B0165;;;;;;;;;;;;;;;;;;;;;;;
T145;B0005;;;;;;;;;;;;;;;;;;;;;;;
T145;B0002;;;;;;;;;;;;;;;;;;;;;;;
T145;B0004;;;;;;;;;;;;;;;;;;;;;;;
T145;B0067;;;;;;;;;;;;;;;;;;;;;;;
T145;B0059;;;;;;;;;;;;;;;;;;;;;;;
T146;B0160;;;;;;;;;;;;;;;;;;;;;;;
T146;B0003;;;;;;;;;;;;;;;;;;;;;;;
T146;B0017;;;;;;;;;;;;;;;;;;;;;;;
T146;B0095;;;;;;;;;;;;;;;;;;;;;;;
T146;B0005;;;;;;;;;;;;;;;;;;;;;;;
T146;B0063;;;;;;;;;;;;;;;;;;;;;;;
T146;B0115;;;;;;;;;;;;;;;;;;;;;;;
T146;B0082;;;;;;;;;;;;;;;;;;;;;;;
T147;B0165;;;;;;;;;;;;;;;;;;;;;;;
T147;B0018;;;;;;;;;;;;;;;;;;;;;;;
T147;B0095;;;;;;;;;;;;;;;;;;;;;;;
T147;B0017;;;;;;;;;;;;;;;;;;;;;;;
T147;B0049;;;;;;;;;;;;;;;;;;;;;;;
T147;B0115;;;;;;;;;;;;;;;;;;;;;;;
T147;B0082;;;;;;;;;;;;;;;;;;;;;;;
T148;B0018;;;;;;;;;;;;;;;;;;;;;;;
T148;B0003;;;;;;;;;;;;;;;;;;;;;;;
T148;B0116;;;;;;;;;;;;;;;;;;;;;;;
T148;B0091;;;;;;;;;;;;;;;;;;;;;;;
T148;B0099;;;;;;;;;;;;;;;;;;;;;;;
T148;B0084;;;;;;;;;;;;;;;;;;;;;;;
T148;B0005;;;;;;;;;;;;;;;;;;;;;;;
T148;B0090;;;;;;;;;;;;;;;;;;;;;;;
T148;B0081;;;;;;;;;;;;;;;;;;;;;;;
T148;B0002;;;;;;;;;;;;;;;;;;;;;;;
T148;B0004;;;;;;;;;;;;;;;;;;;;;;;
T148;B0017;;;;;;;;;;;;;;;;;;;;;;;
T148;B0095;;;;;;;;;;;;;;;;;;;;;;;
T148;B0085;;;;;;;;;;;;;;;;;;;;;;;
T148;B0086;;;;;;;;;;;;;;;;;;;;;;;
T148;B0115;;;;;;;;;;;;;;;;;;;;;;;
T148;B0049;;;;;;;;;;;;;;;;;;;;;;;
T148;B0082;;;;;;;;;;;;;;;;;;;;;;;
T149;B0165;;;;;;;;;;;;;;;;;;;;;;;
T149;B0018;;;;;;;;;;;;;;;;;;;;;;;
T149;B0095;;;;;;;;;;;;;;;;;;;;;;;
T149;B0017;;;;;;;;;;;;;;;;;;;;;;;
T149;B0049;;;;;;;;;;;;;;;;;;;;;;;
T149;B0082;;;;;;;;;;;;;;;;;;;;;;;
T150;B0160;;;;;;;;;;;;;;;;;;;;;;;
T150;B0003;;;;;;;;;;;;;;;;;;;;;;;
T150;B0017;;;;;;;;;;;;;;;;;;;;;;;
T150;B0095;;;;;;;;;;;;;;;;;;;;;;;
T150;B0005;;;;;;;;;;;;;;;;;;;;;;;
T150;B0063;;;;;;;;;;;;;;;;;;;;;;;
T150;B0115;;;;;;;;;;;;;;;;;;;;;;;
T150;B0082;;;;;;;;;;;;;;;;;;;;;;;
T151;B0160;;;;;;;;;;;;;;;;;;;;;;;
T151;B0003;;;;;;;;;;;;;;;;;;;;;;;
T151;B0017;;;;;;;;;;;;;;;;;;;;;;;
T151;B0095;;;;;;;;;;;;;;;;;;;;;;;
T151;B0005;;;;;;;;;;;;;;;;;;;;;;;
T151;B0063;;;;;;;;;;;;;;;;;;;;;;;
T151;B0115;;;;;;;;;;;;;;;;;;;;;;;
T152;B0165;;;;;;;;;;;;;;;;;;;;;;;
T152;B0018;;;;;;;;;;;;;;;;;;;;;;;
T152;B0095;;;;;;;;;;;;;;;;;;;;;;;
T152;B0017;;;;;;;;;;;;;;;;;;;;;;;
T152;B0049;;;;;;;;;;;;;;;;;;;;;;;
T152;B0115;;;;;;;;;;;;;;;;;;;;;;;
T152;B0082;;;;;;;;;;;;;;;;;;;;;;;
T153;B0018;;;;;;;;;;;;;;;;;;;;;;;
T153;B0003;;;;;;;;;;;;;;;;;;;;;;;
T153;B0116;;;;;;;;;;;;;;;;;;;;;;;
T153;B0099;;;;;;;;;;;;;;;;;;;;;;;
T153;B0084;;;;;;;;;;;;;;;;;;;;;;;
T153;B0005;;;;;;;;;;;;;;;;;;;;;;;
T153;B0090;;;;;;;;;;;;;;;;;;;;;;;
T153;B0091;;;;;;;;;;;;;;;;;;;;;;;
T153;B0081;;;;;;;;;;;;;;;;;;;;;;;
T153;B0002;;;;;;;;;;;;;;;;;;;;;;;
T153;B0004;;;;;;;;;;;;;;;;;;;;;;;
T153;B0017;;;;;;;;;;;;;;;;;;;;;;;
T153;B0095;;;;;;;;;;;;;;;;;;;;;;;
T153;B0085;;;;;;;;;;;;;;;;;;;;;;;
T153;B0165;;;;;;;;;;;;;;;;;;;;;;;
T153;B0115;;;;;;;;;;;;;;;;;;;;;;;
T153;B0049;;;;;;;;;;;;;;;;;;;;;;;
T153;B0082;;;;;;;;;;;;;;;;;;;;;;;
T154;B0165;;;;;;;;;;;;;;;;;;;;;;;
T155;B0071;;;;;;;;;;;;;;;;;;;;;;;
T156;B0071;;;;;;;;;;;;;;;;;;;;;;;
T157;B0071;;;;;;;;;;;;;;;;;;;;;;;
T158;B0071;;;;;;;;;;;;;;;;;;;;;;;
T159;B0071;;;;;;;;;;;;;;;;;;;;;;;
T160;B0071;;;;;;;;;;;;;;;;;;;;;;;
T161;B0071;;;;;;;;;;;;;;;;;;;;;;;
T162;B0071;;;;;;;;;;;;;;;;;;;;;;;
T163;B0071;;;;;;;;;;;;;;;;;;;;;;;
T164;B0160;;;;;;;;;;;;;;;;;;;;;;;
T164;B0017;;;;;;;;;;;;;;;;;;;;;;;
T164;B0095;;;;;;;;;;;;;;;;;;;;;;;
T164;B0005;;;;;;;;;;;;;;;;;;;;;;;
T164;B0003;;;;;;;;;;;;;;;;;;;;;;;
T164;B0063;;;;;;;;;;;;;;;;;;;;;;;
T164;B0115;;;;;;;;;;;;;;;;;;;;;;;
T165;B0071;;;;;;;;;;;;;;;;;;;;;;;
T166;B0070;;;;;;;;;;;;;;;;;;;;;;;
T167;B0070;;;;;;;;;;;;;;;;;;;;;;;
T168;B0070;;;;;;;;;;;;;;;;;;;;;;;
T169;B0070;;;;;;;;;;;;;;;;;;;;;;;
T170;B0071;;;;;;;;;;;;;;;;;;;;;;;
T171;B0071;;;;;;;;;;;;;;;;;;;;;;;
T172;B0071;;;;;;;;;;;;;;;;;;;;;;;
T173;B0071;;;;;;;;;;;;;;;;;;;;;;;
T174;B0071;;;;;;;;;;;;;;;;;;;;;;;
T175;B0165;;;;;;;;;;;;;;;;;;;;;;;
T175;B0018;;;;;;;;;;;;;;;;;;;;;;;
T175;B0095;;;;;;;;;;;;;;;;;;;;;;;
T175;B0049;;;;;;;;;;;;;;;;;;;;;;;
T175;B0063;;;;;;;;;;;;;;;;;;;;;;;
T175;B0107;;;;;;;;;;;;;;;;;;;;;;;
T176;B0160;;;;;;;;;;;;;;;;;;;;;;;
T176;B0003;;;;;;;;;;;;;;;;;;;;;;;
T176;B0095;;;;;;;;;;;;;;;;;;;;;;;
T176;B0005;;;;;;;;;;;;;;;;;;;;;;;
T176;B0115;;;;;;;;;;;;;;;;;;;;;;;
T176;B0063;;;;;;;;;;;;;;;;;;;;;;;
T176;B0107;;;;;;;;;;;;;;;;;;;;;;;
T177;B0018;;;;;;;;;;;;;;;;;;;;;;;
T177;B0003;;;;;;;;;;;;;;;;;;;;;;;
T177;B0005;;;;;;;;;;;;;;;;;;;;;;;
T177;B0002;;;;;;;;;;;;;;;;;;;;;;;
T177;B0004;;;;;;;;;;;;;;;;;;;;;;;
T177;B0095;;;;;;;;;;;;;;;;;;;;;;;
T177;B0165;;;;;;;;;;;;;;;;;;;;;;;
T177;B0049;;;;;;;;;;;;;;;;;;;;;;;
T177;B0107;;;;;;;;;;;;;;;;;;;;;;;
T178;B0071;;;;;;;;;;;;;;;;;;;;;;;
T179;B0071;;;;;;;;;;;;;;;;;;;;;;;
T180;B0071;;;;;;;;;;;;;;;;;;;;;;;
T181;B0071;;;;;;;;;;;;;;;;;;;;;;;
T182;B0071;;;;;;;;;;;;;;;;;;;;;;;
T183;B0071;;;;;;;;;;;;;;;;;;;;;;;
T184;B0071;;;;;;;;;;;;;;;;;;;;;;;
T185;B0071;;;;;;;;;;;;;;;;;;;;;;;
T186;B0070;;;;;;;;;;;;;;;;;;;;;;;
T187;B0070;;;;;;;;;;;;;;;;;;;;;;;
T188;B0160;;;;;;;;;;;;;;;;;;;;;;;
T188;B0003;;;;;;;;;;;;;;;;;;;;;;;
T188;B0017;;;;;;;;;;;;;;;;;;;;;;;
T188;B0095;;;;;;;;;;;;;;;;;;;;;;;
T188;B0005;;;;;;;;;;;;;;;;;;;;;;;
T188;B0063;;;;;;;;;;;;;;;;;;;;;;;
T188;B0115;;;;;;;;;;;;;;;;;;;;;;;
T188;B0082;;;;;;;;;;;;;;;;;;;;;;;
T189;B0018;;;;;;;;;;;;;;;;;;;;;;;
T189;B0003;;;;;;;;;;;;;;;;;;;;;;;
T189;B0116;;;;;;;;;;;;;;;;;;;;;;;
T189;B0099;;;;;;;;;;;;;;;;;;;;;;;
T189;B0084;;;;;;;;;;;;;;;;;;;;;;;
T189;B0005;;;;;;;;;;;;;;;;;;;;;;;
T189;B0090;;;;;;;;;;;;;;;;;;;;;;;
T189;B0091;;;;;;;;;;;;;;;;;;;;;;;
T189;B0081;;;;;;;;;;;;;;;;;;;;;;;
T189;B0002;;;;;;;;;;;;;;;;;;;;;;;
T189;B0004;;;;;;;;;;;;;;;;;;;;;;;
T189;B0017;;;;;;;;;;;;;;;;;;;;;;;
T189;B0095;;;;;;;;;;;;;;;;;;;;;;;
T189;B0085;;;;;;;;;;;;;;;;;;;;;;;
T189;B0165;;;;;;;;;;;;;;;;;;;;;;;
T189;B0049;;;;;;;;;;;;;;;;;;;;;;;
T189;B0082;;;;;;;;;;;;;;;;;;;;;;;
T190;B0071;;;;;;;;;;;;;;;;;;;;;;;
T191;B0071;;;;;;;;;;;;;;;;;;;;;;;
T192;B0071;;;;;;;;;;;;;;;;;;;;;;;
T193;B0018;;;;;;;;;;;;;;;;;;;;;;;
T193;B0003;;;;;;;;;;;;;;;;;;;;;;;
T193;B0116;;;;;;;;;;;;;;;;;;;;;;;
T193;B0099;;;;;;;;;;;;;;;;;;;;;;;
T193;B0084;;;;;;;;;;;;;;;;;;;;;;;
T193;B0005;;;;;;;;;;;;;;;;;;;;;;;
T193;B0090;;;;;;;;;;;;;;;;;;;;;;;
T193;B0091;;;;;;;;;;;;;;;;;;;;;;;
T193;B0081;;;;;;;;;;;;;;;;;;;;;;;
T193;B0002;;;;;;;;;;;;;;;;;;;;;;;
T193;B0004;;;;;;;;;;;;;;;;;;;;;;;
T193;B0017;;;;;;;;;;;;;;;;;;;;;;;
T193;B0095;;;;;;;;;;;;;;;;;;;;;;;
T193;B0085;;;;;;;;;;;;;;;;;;;;;;;
T193;B0165;;;;;;;;;;;;;;;;;;;;;;;
T193;B0115;;;;;;;;;;;;;;;;;;;;;;;
T193;B0049;;;;;;;;;;;;;;;;;;;;;;;
T193;B0082;;;;;;;;;;;;;;;;;;;;;;;
T194;B0071;;;;;;;;;;;;;;;;;;;;;;;
T195;B0071;;;;;;;;;;;;;;;;;;;;;;;
T196;B0071;;;;;;;;;;;;;;;;;;;;;;;
T197;B0071;;;;;;;;;;;;;;;;;;;;;;;
T198;B0071;;;;;;;;;;;;;;;;;;;;;;;
T199;B0071;;;;;;;;;;;;;;;;;;;;;;;
T200;B0071;;;;;;;;;;;;;;;;;;;;;;;
T201;B0071;;;;;;;;;;;;;;;;;;;;;;;
T202;B0018;;;;;;;;;;;;;;;;;;;;;;;
T202;B0165;;;;;;;;;;;;;;;;;;;;;;;
T202;B0005;;;;;;;;;;;;;;;;;;;;;;;
T202;B0002;;;;;;;;;;;;;;;;;;;;;;;
T202;B0003;;;;;;;;;;;;;;;;;;;;;;;
T202;B0004;;;;;;;;;;;;;;;;;;;;;;;
T202;B0067;;;;;;;;;;;;;;;;;;;;;;;
T202;B0059;;;;;;;;;;;;;;;;;;;;;;;
T203;B0018;;;;;;;;;;;;;;;;;;;;;;;
T203;B0165;;;;;;;;;;;;;;;;;;;;;;;
T203;B0005;;;;;;;;;;;;;;;;;;;;;;;
T203;B0081;;;;;;;;;;;;;;;;;;;;;;;
T203;B0002;;;;;;;;;;;;;;;;;;;;;;;
T203;B0003;;;;;;;;;;;;;;;;;;;;;;;
T203;B0004;;;;;;;;;;;;;;;;;;;;;;;
T203;B0067;;;;;;;;;;;;;;;;;;;;;;;
T203;B0059;;;;;;;;;;;;;;;;;;;;;;;
T204;B0018;;;;;;;;;;;;;;;;;;;;;;;
T204;B0165;;;;;;;;;;;;;;;;;;;;;;;
T204;B0017;;;;;;;;;;;;;;;;;;;;;;;
T204;B0095;;;;;;;;;;;;;;;;;;;;;;;
T204;B0049;;;;;;;;;;;;;;;;;;;;;;;
T204;B0115;;;;;;;;;;;;;;;;;;;;;;;
T204;B0063;;;;;;;;;;;;;;;;;;;;;;;
T204;B0082;;;;;;;;;;;;;;;;;;;;;;;
T205;B0018;;;;;;;;;;;;;;;;;;;;;;;
T205;B0165;;;;;;;;;;;;;;;;;;;;;;;
T205;B0005;;;;;;;;;;;;;;;;;;;;;;;
T205;B0002;;;;;;;;;;;;;;;;;;;;;;;
T205;B0003;;;;;;;;;;;;;;;;;;;;;;;
T205;B0004;;;;;;;;;;;;;;;;;;;;;;;
T205;B0067;;;;;;;;;;;;;;;;;;;;;;;
T205;B0059;;;;;;;;;;;;;;;;;;;;;;;
T206;B0018;;;;;;;;;;;;;;;;;;;;;;;
T206;B0165;;;;;;;;;;;;;;;;;;;;;;;
T206;B0005;;;;;;;;;;;;;;;;;;;;;;;
T206;B0095;;;;;;;;;;;;;;;;;;;;;;;
T206;B0002;;;;;;;;;;;;;;;;;;;;;;;
T206;B0003;;;;;;;;;;;;;;;;;;;;;;;
T206;B0004;;;;;;;;;;;;;;;;;;;;;;;
T206;B0042;;;;;;;;;;;;;;;;;;;;;;;
T207;B0111;;;;;;;;;;;;;;;;;;;;;;;
T207;B0013;;;;;;;;;;;;;;;;;;;;;;;
T207;B0061;;;;;;;;;;;;;;;;;;;;;;;
T207;B0077;;;;;;;;;;;;;;;;;;;;;;;
T207;B0059;;;;;;;;;;;;;;;;;;;;;;;
T208;B0072;;;;;;;;;;;;;;;;;;;;;;;
T208;B0166;;;;;;;;;;;;;;;;;;;;;;;
T208;B0012;;;;;;;;;;;;;;;;;;;;;;;
T209;B0074;;;;;;;;;;;;;;;;;;;;;;;
T209;B0045;;;;;;;;;;;;;;;;;;;;;;;
T209;B0123;;;;;;;;;;;;;;;;;;;;;;;
T209;B0098;;;;;;;;;;;;;;;;;;;;;;;
T210;B0133;;;;;;;;;;;;;;;;;;;;;;;
T210;B0032;;;;;;;;;;;;;;;;;;;;;;;
T210;B0024;;;;;;;;;;;;;;;;;;;;;;;
T210;B0121;;;;;;;;;;;;;;;;;;;;;;;
T210;B0143;;;;;;;;;;;;;;;;;;;;;;;
T210;B0082;;;;;;;;;;;;;;;;;;;;;;;
T210;B0115;;;;;;;;;;;;;;;;;;;;;;;
T210;B0049;;;;;;;;;;;;;;;;;;;;;;;
T211;B0133;;;;;;;;;;;;;;;;;;;;;;;
T211;B0032;;;;;;;;;;;;;;;;;;;;;;;
T211;B0024;;;;;;;;;;;;;;;;;;;;;;;
T211;B0121;;;;;;;;;;;;;;;;;;;;;;;
T211;B0143;;;;;;;;;;;;;;;;;;;;;;;
T211;B0082;;;;;;;;;;;;;;;;;;;;;;;
T211;B0115;;;;;;;;;;;;;;;;;;;;;;;
T211;B0049;;;;;;;;;;;;;;;;;;;;;;;
T212;B0076;;;;;;;;;;;;;;;;;;;;;;;
T212;B0167;;;;;;;;;;;;;;;;;;;;;;;
T212;B0168;;;;;;;;;;;;;;;;;;;;;;;
T212;B0023;;;;;;;;;;;;;;;;;;;;;;;
T213;B0113;;;;;;;;;;;;;;;;;;;;;;;
T213;B0073;;;;;;;;;;;;;;;;;;;;;;;
T213;B0041;;;;;;;;;;;;;;;;;;;;;;;
T214;B0078;;;;;;;;;;;;;;;;;;;;;;;
T214;B0059;;;;;;;;;;;;;;;;;;;;;;;
T214;B0110;;;;;;;;;;;;;;;;;;;;;;;
T214;B0056;;;;;;;;;;;;;;;;;;;;;;;
T214;B0065;;;;;;;;;;;;;;;;;;;;;;;
T215;B0078;;;;;;;;;;;;;;;;;;;;;;;
T215;B0049;;;;;;;;;;;;;;;;;;;;;;;
T216;B0080;;;;;;;;;;;;;;;;;;;;;;;
T216;B0093;;;;;;;;;;;;;;;;;;;;;;;
T216;B0108;;;;;;;;;;;;;;;;;;;;;;;
T216;B0008;;;;;;;;;;;;;;;;;;;;;;;
T217;B0080;;;;;;;;;;;;;;;;;;;;;;;
T218;B0080;;;;;;;;;;;;;;;;;;;;;;;
T218;B0042;;;;;;;;;;;;;;;;;;;;;;;
T219;B0080;;;;;;;;;;;;;;;;;;;;;;;
T219;B0042;;;;;;;;;;;;;;;;;;;;;;;
;;;;;;;;;;;;;;;;;;;;;;;;
;;;;;;;;;;;;;;;;;;;;;;;;
;;;;;;;;;;;;;;;;;;;;;;;;
;;;;;;;;;;;;;;;;;;;;;;;;
;;;;;;;;;;;;;;;;;;;;;;;;
;;;;;;;;;;;;;;;;;;;;;;;;
;;;;;;;;;;;;;;;;;;;;;;;;
;;;;;;;;;;;;;;;;;;;;;;;;
;;;;;;;;;;;;;;;;;;;;;;;;
;;;;;;;;;;;;;;;;;;;;;;;;
;;;;;;;;;;;;;;;;;;;;;;;;
;;;;;;;;;;;;;;;;;;;;;;;;
;;;;;;;;;;;;;;;;;;;;;;;;
;;;;;;;;;;;;;;;;;;;;;;;;
;;;;;;;;;;;;;;;;;;;;;;;;
;;;;;;;;;;;;;;;;;;;;;;;;
;;;;;;;;;;;;;;;;;;;;;;;;
;;;;;;;;;;;;;;;;;;;;;;;;
;;;;;;;;;;;;;;;;;;;;;;;;
;;;;;;;;;;;;;;;;;;;;;;;;
;;;;;;;;;;;;;;;;;;;;;;;;
;;;;;;;;;;;;;;;;;;;;;;;;
;;;;;;;;;;;;;;;;;;;;;;;;
;;;;;;;;;;;;;;;;;;;;;;;;
;;;;;;;;;;;;;;;;;;;;;;;;
;;;;;;;;;;;;;;;;;;;;;;;;
;;;;;;;;;;;;;;;;;;;;;;;;
;;;;;;;;;;;;;;;;;;;;;;;;
;;;;;;;;;;;;;;;;;;;;;;;;
;;;;;;;;;;;;;;;;;;;;;;;;
;;;;;;;;;;;;;;;;;;;;;;;;
;;;;;;;;;;;;;;;;;;;;;;;;
;;;;;;;;;;;;;;;;;;;;;;;;
;;;;;;;;;;;;;;;;;;;;;;;;
;;;;;;;;;;;;;;;;;;;;;;;;
;;;;;;;;;;;;;;;;;;;;;;;;
;;;;;;;;;;;;;;;;;;;;;;;;
;;;;;;;;;;;;;;;;;;;;;;;;
;;;;;;;;;;;;;;;;;;;;;;;;
;;;;;;;;;;;;;;;;;;;;;;;;
;;;;;;;;;;;;;;;;;;;;;;;;
;;;;;;;;;;;;;;;;;;;;;;;;
;;;;;;;;;;;;;;;;;;;;;;;;
;;;;;;;;;;;;;;;;;;;;;;;;
;;;;;;;;;;;;;;;;;;;;;;;;
;;;;;;;;;;;;;;;;;;;;;;;;
;;;;;;;;;;;;;;;;;;;;;;;;
;;;;;;;;;;;;;;;;;;;;;;;;
;;;;;;;;;;;;;;;;;;;;;;;;
;;;;;;;;;;;;;;;;;;;;;;;;
;;;;;;;;;;;;;;;;;;;;;;;;
;;;;;;;;;;;;;;;;;;;;;;;;
;;;;;;;;;;;;;;;;;;;;;;;;
;;;;;;;;;;;;;;;;;;;;;;;;
;;;;;;;;;;;;;;;;;;;;;;;;
;;;;;;;;;;;;;;;;;;;;;;;;
;;;;;;;;;;;;;;;;;;;;;;;;
;;;;;;;;;;;;;;;;;;;;;;;;
;;;;;;;;;;;;;;;;;;;;;;;;
;;;;;;;;;;;;;;;;;;;;;;;;
;;;;;;;;;;;;;;;;;;;;;;;;
;;;;;;;;;;;;;;;;;;;;;;;;
;;;;;;;;;;;;;;;;;;;;;;;;
;;;;;;;;;;;;;;;;;;;;;;;;
;;;;;;;;;;;;;;;;;;;;;;;;
;;;;;;;;;;;;;;;;;;;;;;;;
;;;;;;;;;;;;;;;;;;;;;;;;
;;;;;;;;;;;;;;;;;;;;;;;;
;;;;;;;;;;;;;;;;;;;;;;;;
;;;;;;;;;;;;;;;;;;;;;;;;
;;;;;;;;;;;;;;;;;;;;;;;;
;;;;;;;;;;;;;;;;;;;;;;;;
;;;;;;;;;;;;;;;;;;;;;;;;
;;;;;;;;;;;;;;;;;;;;;;;;
;;;;;;;;;;;;;;;;;;;;;;;;
;;;;;;;;;;;;;;;;;;;;;;;;
;;;;;;;;;;;;;;;;;;;;;;;;
;;;;;;;;;;;;;;;;;;;;;;;;
;;;;;;;;;;;;;;;;;;;;;;;;
;;;;;;;;;;;;;;;;;;;;;;;;
;;;;;;;;;;;;;;;;;;;;;;;;
;;;;;;;;;;;;;;;;;;;;;;;;
;;;;;;;;;;;;;;;;;;;;;;;;
;;;;;;;;;;;;;;;;;;;;;;;;
;;;;;;;;;;;;;;;;;;;;;;;;
;;;;;;;;;;;;;;;;;;;;;;;;
;;;;;;;;;;;;;;;;;;;;;;;;
;;;;;;;;;;;;;;;;;;;;;;;;
;;;;;;;;;;;;;;;;;;;;;;;;
;;;;;;;;;;;;;;;;;;;;;;;;
;;;;;;;;;;;;;;;;;;;;;;;;
;;;;;;;;;;;;;;;;;;;;;;;;
;;;;;;;;;;;;;;;;;;;;;;;;
;;;;;;;;;;;;;;;;;;;;;;;;
;;;;;;;;;;;;;;;;;;;;;;;;
;;;;;;;;;;;;;;;;;;;;;;;;
;;;;;;;;;;;;;;;;;;;;;;;;
;;;;;;;;;;;;;;;;;;;;;;;;
;;;;;;;;;;;;;;;;;;;;;;;;
;;;;;;;;;;;;;;;;;;;;;;;;
;;;;;;;;;;;;;;;;;;;;;;;;
;;;;;;;;;;;;;;;;;;;;;;;;
;;;;;;;;;;;;;;;;;;;;;;;;
;;;;;;;;;;;;;;;;;;;;;;;;
;;;;;;;;;;;;;;;;;;;;;;;;
;;;;;;;;;;;;;;;;;;;;;;;;
;;;;;;;;;;;;;;;;;;;;;;;;
;;;;;;;;;;;;;;;;;;;;;;;;
;;;;;;;;;;;;;;;;;;;;;;;;
;;;;;;;;;;;;;;;;;;;;;;;;
;;;;;;;;;;;;;;;;;;;;;;;;
;;;;;;;;;;;;;;;;;;;;;;;;
;;;;;;;;;;;;;;;;;;;;;;;;
;;;;;;;;;;;;;;;;;;;;;;;;
;;;;;;;;;;;;;;;;;;;;;;;;
;;;;;;;;;;;;;;;;;;;;;;;;
;;;;;;;;;;;;;;;;;;;;;;;;
;;;;;;;;;;;;;;;;;;;;;;;;
;;;;;;;;;;;;;;;;;;;;;;;;
;;;;;;;;;;;;;;;;;;;;;;;;
;;;;;;;;;;;;;;;;;;;;;;;;
;;;;;;;;;;;;;;;;;;;;;;;;
;;;;;;;;;;;;;;;;;;;;;;;;
;;;;;;;;;;;;;;;;;;;;;;;;
;;;;;;;;;;;;;;;;;;;;;;;;
;;;;;;;;;;;;;;;;;;;;;;;;
;;;;;;;;;;;;;;;;;;;;;;;;
;;;;;;;;;;;;;;;;;;;;;;;;
;;;;;;;;;;;;;;;;;;;;;;;;
;;;;;;;;;;;;;;;;;;;;;;;;
;;;;;;;;;;;;;;;;;;;;;;;;
;;;;;;;;;;;;;;;;;;;;;;;;
;;;;;;;;;;;;;;;;;;;;;;;;
;;;;;;;;;;;;;;;;;;;;;;;;
;;;;;;;;;;;;;;;;;;;;;;;;
;;;;;;;;;;;;;;;;;;;;;;;;
;;;;;;;;;;;;;;;;;;;;;;;;
;;;;;;;;;;;;;;;;;;;;;;;;
;;;;;;;;;;;;;;;;;;;;;;;;
;;;;;;;;;;;;;;;;;;;;;;;;
;;;;;;;;;;;;;;;;;;;;;;;;
;;;;;;;;;;;;;;;;;;;;;;;;
;;;;;;;;;;;;;;;;;;;;;;;;
;;;;;;;;;;;;;;;;;;;;;;;;
;;;;;;;;;;;;;;;;;;;;;;;;
;;;;;;;;;;;;;;;;;;;;;;;;
;;;;;;;;;;;;;;;;;;;;;;;;
;;;;;;;;;;;;;;;;;;;;;;;;
;;;;;;;;;;;;;;;;;;;;;;;;
;;;;;;;;;;;;;;;;;;;;;;;;
;;;;;;;;;;;;;;;;;;;;;;;;
;;;;;;;;;;;;;;;;;;;;;;;;
;;;;;;;;;;;;;;;;;;;;;;;;
;;;;;;;;;;;;;;;;;;;;;;;;
;;;;;;;;;;;;;;;;;;;;;;;;
;;;;;;;;;;;;;;;;;;;;;;;;
;;;;;;;;;;;;;;;;;;;;;;;;
;;;;;;;;;;;;;;;;;;;;;;;;
;;;;;;;;;;;;;;;;;;;;;;;;
;;;;;;;;;;;;;;;;;;;;;;;;
;;;;;;;;;;;;;;;;;;;;;;;;
;;;;;;;;;;;;;;;;;;;;;;;;
;;;;;;;;;;;;;;;;;;;;;;;;
;;;;;;;;;;;;;;;;;;;;;;;;
;;;;;;;;;;;;;;;;;;;;;;;;
;;;;;;;;;;;;;;;;;;;;;;;;
;;;;;;;;;;;;;;;;;;;;;;;;
;;;;;;;;;;;;;;;;;;;;;;;;
;;;;;;;;;;;;;;;;;;;;;;;;
;;;;;;;;;;;;;;;;;;;;;;;;
;;;;;;;;;;;;;;;;;;;;;;;;
;;;;;;;;;;;;;;;;;;;;;;;;
;;;;;;;;;;;;;;;;;;;;;;;;
;;;;;;;;;;;;;;;;;;;;;;;;
;;;;;;;;;;;;;;;;;;;;;;;;
;;;;;;;;;;;;;;;;;;;;;;;;
;;;;;;;;;;;;;;;;;;;;;;;;
;;;;;;;;;;;;;;;;;;;;;;;;
;;;;;;;;;;;;;;;;;;;;;;;;
;;;;;;;;;;;;;;;;;;;;;;;;
;;;;;;;;;;;;;;;;;;;;;;;;
;;;;;;;;;;;;;;;;;;;;;;;;
;;;;;;;;;;;;;;;;;;;;;;;;
;;;;;;;;;;;;;;;;;;;;;;;;
;;;;;;;;;;;;;;;;;;;;;;;;
;;;;;;;;;;;;;;;;;;;;;;;;
;;;;;;;;;;;;;;;;;;;;;;;;
;;;;;;;;;;;;;;;;;;;;;;;;
;;;;;;;;;;;;;;;;;;;;;;;;
;;;;;;;;;;;;;;;;;;;;;;;;
;;;;;;;;;;;;;;;;;;;;;;;;
;;;;;;;;;;;;;;;;;;;;;;;;
;;;;;;;;;;;;;;;;;;;;;;;;
;;;;;;;;;;;;;;;;;;;;;;;;
;;;;;;;;;;;;;;;;;;;;;;;;
;;;;;;;;;;;;;;;;;;;;;;;;
;;;;;;;;;;;;;;;;;;;;;;;;
;;;;;;;;;;;;;;;;;;;;;;;;
;;;;;;;;;;;;;;;;;;;;;;;;
;;;;;;;;;;;;;;;;;;;;;;;;
